title,press,n_reply,content
"전쟁터된 상임위…""공부좀 하라""·""내가 더 잘했다"" 여야 파열음(종합)",연합뉴스,280,"野 `방송법` 법사위 강행 처리에 與 반발·퇴장…과방·국토위도 파행 야당 주도 `입법 청문회` 일정에 여야 충돌 이어질 듯 (서울=연합뉴스) 김연정 홍지인 기자 = 국민의힘이 `보이콧`을 접고 국회로 복귀한 첫날부터 여야는 상임위원회 곳곳에서 파열음을 냈다. 더불어민주당이 쟁점 법안을 강행 처리하자 국민의힘이 반발·퇴장하거나, 국민의힘이 민주당의 일방적인 회의 운영에 항의하며 불참하는 등 한 달 만의 `국회 정상화`를 무색하게 했다. 여야는 이날 법제사법위원회 전체회의에서 민주당의 `방송 3+1법`(방송법·방송문화진흥회법·한국교육방송공사법 및 방통위설치법 개정안) 강행 처리를 놓고 정면충돌했다. 국민의힘 의원들은 이들 법안이 지난 18일 과학기술정보방송통신위 전체회의에서 야당 단독으로 처리된 점을 지적하며 추가 논의를 요구했지만, 민주당 소속 정청래 법사위원장과 과반 의석을 차지한 야당 의원들이 처리를 강행했다. 그러자 국민의힘 소속 법사위원들은 법안 의결 때 집단 퇴장한 뒤 기자회견을 열어 ""여당 무시와 조롱으로 일관하는 정청래 위원장과 민주당의 `방송장악 3법` 등 강행 처리는 입법 독재의 전형""이라고 비판했다. 이날 법사위는 정 위원장의 회의 진행을 둘러싸고 국민의힘이 `일방적 진행`이라고 항의하면서 시작 6분 만에 파행했다. 특히 법사위에선 정 위원장과 국민의힘 간사로 내정된 검사 출신 유상범 의원 간에 언쟁이 벌어지기도 했다. 정 위원장이 회의장에서 ""위원장 마음대로 정회하고 속개도 마음대로 하느냐""라고 따지는 유 의원에게 ""국회법 공부 좀 하고 오라""고 쏘아붙였였다. 그러자 유 의원은 ""공부는 내가 조금 더 잘했지 않겠느냐""라고 맞받는 등 `농담 섞인 감정싸움`이 벌어진 모습도 보였다. 국토교통위도 전세사기 피해자 지원을 위한 입법 청문회 일정 재조정 문제를 두고 여야가 신경전을 벌인 끝에 결국 야당만 참석한 `반쪽` 회의로 진행됐다. 국민의힘이 청문회 일정을 다시 잡자고 요구했으나, 민주당은 연기할 명분이 없다며 청문회를 강행했다. 그러자 국민의힘 의원들은 불참을 선언하고 집단 퇴장했다. 과학기술정보통신부 등을 상대로 `라인야후` 사태 등 현안 질의를 하기 위해 소집된 과방위에서도 여야가 충돌했다. 민주당 이훈기 의원은 MBC 사장 출신인 국민의힘 김장겸 의원이 회사 측과 소송이 진행 중인 점을 문제 삼아 과방위원 자격 문제를 제기했고, 국민의힘 의원들이 이에 반발해 집단 퇴장했다. 교육위원회에서도 여당은 원(院) 구성 협상 과정에 항의하고, 야당은 정부 위원의 불출석을 비난하는 등 신경전이 오갔다. 여야의 상임위 충돌은 앞으로도 이어질 전망이다. 민주당이 21대 국회에서 윤석열 대통령의 거부권 행사로 폐기됐던 법안들을 재추진하기 위해 입법 청문회를 줄줄이 열기로 했기 때문이다. 이번 주에만 26일 보건복지위(의료계 현안), 27일 환경노동위(노란봉투법) 청문회가 예정돼 있고, 과방위(방송통신심의위 관련)와 기획재정위(세수 결손) 등에서도 청문회를 추진할 방침이다. 민주당은 특히 다음 달 1일에는 운영위를 열어 대통령실을 상대로 채상병 사건 수사외압 의혹, 김건희 여사 관련 의혹 등을 추궁하기로 했다. 이에 맞서 국민의힘은 민주당이 일방적으로 잡은 상임위 일정과 증인 의결을 취소하고 여야 합의로 상임위 일정을 재논의할 것을 우원식 국회의장과 민주당 지도부에 공개 요구한 상태다. 배준영 원내수석부대표는 원내대책회의에서 ""국민의힘이 국회 정상화를 위해 대승적으로 나선 만큼, 민주당이 이제 정상화에 협조해야만 한다""며 ""망신주기식 상임위를 중단하고, 청문회를 빙자한 증인 채택을 즉각 취소하라. 야당이 국무위원을 상임위에 출석시키려 편법 의결한 증인도 모두 취소하라""고 요구했다. yjkim84@yna.co.kr"
민주 “채상병 다음은 김건희 특검법”…상임위별 청문회 몰아치기,동아일보,255,"“‘채 상병 특검법’ (입법)청문회 다음은 ‘김건희 특검법’이다.” 더불어민주당 윤종군 원내대변인은 24일 이같이 밝히며 “국회에 주어진 권한을 최대한 활용해 대통령 부인의 뇌물 수수 의혹 등을 철저히 규명하겠다”고 말했다. 민주당은 지난 21일 법제사법위원회와 과학기술정보방송통신위원회에서 각각 채 상병 특검법과 ‘방통위법 개정안’의 입법청문회를 야당 단독으로 열었다. 이어 ‘김건희 여사 특검법’에 대한 입법청문회도 예고하면서 강공 드라이브를 이어간 것. 민주당 이해식 수석대변인도 이날 당 최고위원회의 이후 기자들과 만나 “입법 청문회에 대한 국민적 지지와 성원을 확인한 만큼 김건희 특검법 관련 입법청문회도 지체없이 추진하기로 했다”고 말했다. 민주당은 김건희 특검법의 수사 대상으로 도이치모터스 주가조작 및 명품 가방 수수 의혹 외에 국민권익위원회의 종결 처분 관련 의혹도 추가하는 안을 검토 중이다. 민주당은 21일 법사위 전체회의를 통과한 채 상병 특검법을 다음 달 4일까지인 6월 임시국회 기한 내 처리하는 동시에 관련 국정조사도 추진해 정부에 대한 공세 수위를 끌어올린다는 방침이다. 민주당 박성준 원내운영수석부대표는 이날 “다음 주 정도에 (본회의에서) 채 상병 특검법이 처리되지 않을까 싶다”고 했다. 민주당은 18일 과방위에서 강행 처리한 방송 3법(방송법·방송문화진흥회법·한국교육방송공사법 개정안)도 6월 임시회 내 통과시킬 계획이다. 이외에도 민주당이 위원장을 맡은 상임위원회별로 입법청문회와 현안 청문회가 줄줄이 예정돼있다. 25일엔 국토교통위원회가 ‘전세사기 특별법’ 개정안 관련 입법청문회을 열고 같은 날 과방위는 방송통신심의위원회 불법 운영 관련 현안 청문회를 연다. 26일엔 보건복지위원회에서 의료계 현안 청문회를 열고 27일엔 환경노동위원회에서 노란봉투법(노동조합법 2·3조 개정안) 관련 입법청문회를 열 예정이다. 이 수석대변인은 ‘국회 입법 청문회가 이처럼 자주 열리는 건 이례적’이라는 지적에 “정부 부처 장관과 공직자가 상임위에 출석하지 못하도록 국민의힘 측에서 조치가 있었던 것으로 안다”며 “(공직자들이) 실제로 출석하지 않았기 때문에 입법청문회를 통해서라도 부처의 의견 듣고, 따질 것을 따지는 차원”이라고 반박했다."
"[단독] 민주, `폐기법안 부활법` 추진…與, ""졸속 입법 조장법"" 반발",중앙일보,242,"더불어민주당이 지난 국회에서 상임위원회 심사를 완료한 법안의 경우 임기만료로 폐기됐더라도, 즉시 상정할 수 있도록 하는 이른바 ‘ 폐기 법안 부활법 ’을 추진한다. 민주당 전략기획위원장인 민형배 의원은 지난 19일 이러한 내용을 담은 국회법 개정안을 대표 발의했다. 현행 국회법 제59조는 국회에서 발의된 법안의 상정 시기를 규정하고 있다. 일부 개정안의 경우 발의 후 15일, 전부 개정안·제정안의 경우 20일의 숙려기간이 지나야 상정이 가능하다. 민 의원의 개정안은 제59조에 2항을 신설해 ‘ 직전 임기의 국회에서 소관 상임위가 심사를 마친 법안과 동일한 법안의 경우, 다음 국회에서는 숙려 기간 중에도 법안이 자동 상정될 수 있도록 한다 ’는 내용이 골자다. 만약 개정안이 통과되면 지난 21대 국회에서 야당 주도로 본회의에 직회부했던 ▶양곡관리법 ▶가맹사업법 ▶농수산물가격안정법 등 뿐 아니라 윤석열 대통령이 그간 거부권을 행사했던 ▶간호법 ▶노란봉투법 ▶민주유공자법 등도 숙려기간 없이 의결할 수 있다. 민 의원은 제안이유에서 “기존의 노력과 성과들이 반영되지 못하고, 심사 과정을 처음부터 밟느라 행정력 낭비와 입법의 시의성이 상실된다는 지적이 있다”며 “국회의 효율성과 생산성 강화로 성과를 끌어내기 위한 것”이라고 주장했다. 개정안에는 또 ‘이 법은 공포한 날부터 시행한다’는 부칙도 담겼다. 곧바로 22대 국회에 적용하겠다는 취지다. 지난 14일 야당은 국회 과학기술정보방송통신위원회 전체회의에서 방송 3법(방송법·방송문화진흥회법·한국교육방송공사법 개정안)과 방송통신위원회설치운영법 등 쟁점 법안을 발의 11일 만에 상정해 나흘 뒤인 18일 의결했다. 숙려기간(15일)을 채우지 않은 탓에 여권에선 “날치기도 이런 날치기가 없다”는 비판이 쏟아졌다. 지난 국회에서 폐기된 ‘채 해병 특검법’ 역시 발의 13일(숙려기간은 20일)만인 지난 12일에 법제사법위원회 전체회의에 상정됐다. 이 같은 속도전의 근거로 야당은 제59조 단서 조항의 ‘긴급하고 불가피한 사유’를 이유로 댔다. 하지만 야권 내부에서도 “숙려기간을 건너뛰면 법이 통과돼도 헌법재판소에서 제동이 걸릴 우려가 있다”(중진 의원)는 우려가 나오자, 아예 숙려기간을 없앨 통로를 국회법에 신설하기로 한 것이다. 국민의힘은 “숙려 기간조차 건너뛰려는 졸속 입법 조장법”이라고 반발했다. 곽규택 수석대변인은 20일 통화에서 “21대 국회가 22대 국회의 단순 연장이냐”며 “국회의 합의 정신을 무시하는 졸속 입법이 우려된다. 법안 심의 자체를 안 하겠다는 뜻으로 받아들일 수밖에 없다”고 지적했다."
"중앙일보 ""젠슨 황 한국에 왔다면 엔비디아 나왔을까""",미디어오늘,142,"시총1위 등극한 엔비디아에 기승전 ‘규제 철폐’ 주문한 신문들 지난 18일 엔비디아가 세계 시총 1위에 올라서자 20년 가까이 삼성전자가 시총 1위를 지키고 있는 한국 경제에 대한 우려가 연일 나오고 있다. 신문은 일제히 전략 부재 등 기업 문제보다는 각종 규제로 기업하기 어려운 국내 환경이 원인이라는 주장을 폈다. 중앙SUNDAY는 22일 <젠슨 황이 한국에 왔다면 엔비디아 나왔을까> 사설에서 ""엔비디아라는 개별 기업을 넘어서 선두주자가 끊임없이 바뀌는 미국 증시의 활력은 부럽기만 하다""며 ""한국 증시는 1999년부터 삼성전자가 줄곧 1위다. 지난 20여 년간 시총 1위 삼성전자에 도전한 기업이 없다""고 지적했다. 중앙SUNDAY는 국내 기업 환경을 원인으로 꼽았다. 중앙SUNDAY는 ""갈라파고스 규제 때문에 우리나라만 못 하는 사업이 한둘이 아니""라며 ""근로시간 유연화를 비롯해 우리 기업 환경을 짓누르는 낡은 법과 제도를 개선하는 과제가 산더미처럼 쌓여 있다""고 주장했다. 반도체 업계와 관련성은 떨어져 보이는 노동조합 및 노동관계조정법 2·3조 개정안(노란봉투법)도 언급됐다. ""정치권은 과도한 규제를 풀기는커녕 산업 현장의 혼란을 초래할 `노란봉투법` 같은 규제를 추가하려고만 한다""며 ""젠슨 황 같은 혁신가가 한국에 이민을 왔다면 엔비디아 같은 `질투 나는 기업`을 키울 수 있었을까. 답답하지만 그 답을 우리 모두 알고 있다""고 했다. 서울신문도 22일 사설 <시총 1위 엔비디아, `고인물` 한국 증시 활력 찾아야>에서 ""삼성전자 주가는 엔비디아 최고경영자(CEO) 젠슨 황의 말 한마디에 춤을 추는 판""이라며 ""국내 증시에 활력을 불어넣을 기업 혁신이 절실하다. 규제부터 풀기 바란다. 다른 나라에서 할 수 있는 건 이 땅에서도 할 수 있도록 하겠다는 각오를 정부는 다져야 한다""고 했다. 규제 철폐 외 다른 해결책을 꼽은 신문은 소수였다. 한국일보는 사설 <엔비디아 시총 1위 비결은 소프트웨어와 생태계의 힘>에서 ""엔비디아의 성공 신화는 미래를 내다보고 혁신을 이어온 기업가 정신이 큰 몫을 했다""며 ""기업의 성패는 결국 미래 개척에 있다는 걸 다시 보여준다. 나아가 소프트웨어의 중요성을 인식하고 오랫동안 파트너를 존중하며 생태계 구축에 힘쓴 결과란 사실에 주목해야 한다""고 했다."
"윤 지지율, 2%p 상승 32.1%…11주 연속 30%대 초반[리얼미터]",뉴시스,117,"PK 6%p↑ 39.3%, TK 2.4%p↑ 45.4% 6070 상승, 보수층도 8%p 올라 59.4% ""종부세 폐지 회복, 주 후반 지속안돼"" [서울=뉴시스] 김승민 기자 = 윤석열 대통령 지지율이 전주보다 2%포인트 오른 32.1%로 집계된 여론조사 결과가 24일 나왔다. 한주 만에 반등했으나 4·10 총선 이후 머물러 있는 30%대에서 벗어나지 못했다. 여론조사 전문기관 리얼미터가 에너지경제신문 의뢰로 지난 17~21일 5일간 전국 18세 이상 유권자 2508명에게 윤 대통령 국정수행 평가를 조사한 결과 `잘함`이 32.1%, `잘못함`이 65%로 나타났다. `잘 모름`은 3%다. 리얼미터 조사 기준 윤 대통령 지지율은 총선 직후인 4월 2주차 32.6%를 기록한 뒤 6월 3주차 32.1%까지 11주 연속 30%대 초반을 횡보하고 있다. 권역별 지지율은 영남을 비롯해 전국적으로 소폭 올랐다. 부산·울산·경남(PK) 지지율은 6%포인트 오른 39.3%, 대구·경북(TK) 지지율은 2.4%포인트 오른 45.4%로 나타났다. 인천·경기 지지율은 1.7%포인트 오른 29.8%, 대전·세종·충청은 1.5%포인트 오른 33.4%로 집계됐다. 광주·전라 지지율은 2.8%포인트 내린 15.3%다. 연령별로는 70세 이상 구간에서 6%포인트 상승한 50.7%, 60대에서 5.1%포인트 오른 42.5%로 나타났고 20대도 3.8%포인트 오른 26.7%로 집계됐다. 반면 30대 지지율은 3.2%포인트 내린 24.5%였다. 이념성향별 지지율로는 보수층에서 전주 대비 8%포인트가 올라 59.4%가 나왔다. 진보층 지지율은 1.5%포인트 내린 9%로 나타났다. 일간 지지율 지표는 18일(화) 32%로 시작해 19일(수) 32.8%로 완만하게 오르다가 20일(목) 31.2%, 21일(금) 31.7%로 32% 안팎에서 유지됐다. 리얼미터 최홍태 선임연구원은 이날 조사결과에 대해 ""종부세 폐지·상속세율 인하 예고 이후 국정 지지세 회복이 언뜻 보였으나 주 후반까지 지속되지 않았다""고 했다. 향후 전망에 대해서는 ""의정 갈등에 따른 의료 공백, `채 해병 특검` 공방과 더불어 야권의 `노란봉투법·양곡법` 재상정 등 지지율 변동 요인들이 해소없이 심화하고 있다""고 부정적으로 봤다. 이번 조사는 무선(97%)과 유선(3%) 자동응답 방식, 무작위생성 표집틀을 통한 임의 전화걸기 방법으로 실시했다. 총 통화 시도 9만6069명 중 2508명이 응답을 완료해 응답률은 2.6%, 표본오차는 95% 신뢰수준에서 ±2.0%포인트다. 자세한 사항은 중앙선거여론조사심의위원회 홈페이지를 참조하면 된다."
"국민의힘 국회 복귀했지만 야당 ‘강행 처리’ 못 막아…방송법, 법사위 강행 처리",부산일보,109,"법사위, 방송4법 강행처리…국민의힘, 항의하다 표결 불참 막말 설전 “예의가 없어 왜 이렇게” “어디다 대고 반말이야” 국민의힘이 국회에 복귀했지만 야당의 ‘강행 입법’을 막지 못했다. 반면 더불어민주당 등 야당은 국회 파행 부담에서 벗어나면서 특검법과 국정조사 추진에 박차를 가하는 모습이다. 국회 법제사법위원회는 25일 전체회의를 열고 ‘방송3법’(방송법·방송문화진흥회법·한국교육방송공사법 개정안)을 처리했다. 방송3법은 공영방송인 KBS, MBC, EBS의 이사 숫자를 대폭 늘리고 이사 추천권을 언론·방송학회와 관련 직능단체에 부여해 지배구조를 변경하는 내용이 핵심이다. 법사위는 방송통신위원회의 의결 정족수를 현행 상임위원 2인에서 4인으로 늘리는 내용의 방통위 설치법 개정안도 처리했다. 이에 앞서 방송법 소관 상임위인 과학기술정보방송통신위원회는 법안소위 심사를 생략한 채 지난 18일 야당만 참석한 전체회의에서 이들 4개 법안을 처리한 바 있다. 25일 열린 법사위에는 국민의힘 의원들도 참석했으나 과반 의석을 차지한 야당의 강행 처리를 막지 못했다. 국민의힘은 이들 법안을 체계 자구를 심사하는 법안2소위로 넘겨 더 논의하자고 주장했지만 민주당 소속 정청래 법사위원장은 이를 받아들이지 않았다. 이날 회의는 여야 의원들의 막말이 오가면서 시작 6분여 만에 정회됐다. 회의 시작 전부터 국민의힘 유상범 의원이 위원 사보임으로 인한 간사 선임 안건을 채택해 줄 것을 요구했으나 정 위원장은 이를 거부했다. 곧바로 여당 의원들의 고성이 나왔고 정 위원장은 “의사진행을 할 수 없는 혼란스런 상황”이라며 정회를 선언했다. 이 과정에서 정 위원장은 유 의원을 향해 “의원님 성함은 누구시냐”고 묻고 “간사가 아니면서 의무에 없는 짓을 하면 안 된다”고 목소리를 높였다. 이에 유 의원이 “예의가 없어 왜 이렇게”라고 말하자 정 위원장은 “어디다 대고 반말이야”라고 소리치기도 했다. 회의 속개 이후 방송법 관련 대체토론에서도 정 위원장과 여당 의원들의 대결이 이어졌다. 유 의원이 “정부 위원이 없는 상태에서 대체토론은 전례가 없다”고 지적하자 정 위원장은 “방송통신위원장의 (법사위) 불출석은 헌법 위반”이라고 맞받았다. 대체토론이 이어지자 정 위원장은 거수 표결로 토론 종결을 선언했다. 이에 국민의힘 의원들이 반발해 상임위원회 회의장을 떠났고 방송법 표결은 야당 의원들만 참석한 상태에서 반대 없이 처리됐다. 국민의힘은 이날 법사위에서 소수 여당의 한계를 그대로 드러내면서 향후 야당의 강행 처리는 계속 이어질 전망이다. 실제로 민주당은 ‘입법 독주’ 부담에서 벗어났다고 보고 ‘2특검 4국조’에 속도를 낸다는 전략을 세웠다. 민주당은 우선 ‘채 상병 특검법’을 내달 4일까지인 이번 임시국회 회기 내에 반드시 처리하겠다고 벼르고 있다. 이미 발의한 ‘김건희 여사 특검법’에 더해 ‘서울·양평고속도로 특혜 의혹’ ‘방송 장악’ ‘동해 유전개발 의혹’ 국정조사 등도 각 상임위에서 동시다발로 추진할 방침이다. 민주당은 25일 국토교통위에서 전세사기특별법 입법 청문회를 단독으로 진행한데 이어 26일 보건복지위(의료계 현안)와 27일 환경노동위(노란봉투법) 등 상임위 차원 청문회도 줄줄이 예고한 상태다. 다음 달 1일에는 운영위를 열어 대통령실을 상대로 채상병 사건 수사외압 의혹, 김건희 여사 관련 의혹 등을 추궁하기로 했다. 이재명 전 대표가 제안한 25만∼35만 원 민생지원금 지급을 담은 민생위기극복특별조치법도 다음 달 2일 행정안전위에 상정해 처리하겠다는 입장이다. 이와 관련 민주당 진성준 정책위의장은 25일 원내대책회의에서 “저출생 대책이나 기후 위기 대응처럼 민생 회복은 가장 절박한 시대적 요구이자 필수적인 재정 소요”라면서 “국민의힘은 원 구성에 임하기로 한 만큼 신속하게 통과될 수 있도록 협조해 주시기를 바란다”고 강조했다."
"“이날의 치욕 잊지말자”...보이콧 접은 국힘 “민주당, 언젠가 땅치고 후회”",매일경제,105,"秋 “헌정사 영원한 수치” 27일 의총서 위원장 논의 3선 의원들 유력하게 검토 민주당은 입법 청문회 가속 25일 국토위·과방위 예정 상임위원회 보이콧을 이어가던 국민의힘이 끝내 7개 상임위원장을 받고 원내에서 민주당의 독주를 저지하는 쪽을 택했다. 원외 투쟁의 효과가 크지 않은 상황에서 집권 여당이 국회 보이콧을 이어갈 수는 없다는 현실적 판단을 한 것으로 풀이된다. 물론 민주당이 일체의 여당 제안을 거부하면서 장벽을 높게 세운 점이 주효했다. 24일 추경호 국민의힘 원내대표는 “국민의힘은 민주당의 폭주를 막기 위해 국회 등원을 결심했다”며 “국민의힘은 의석수 비율에 따른 7개 상임위원장을 맡아 민생 입법에 집중하겠다”고 밝혔다. 국민의힘의 이같은 결정은 ‘고육지책’으로 해석된다. 여당이 등원하더라도 지난 21대 국회와 마찬가지로 여야가 각 상임위원회에서 치열하게 대립하며 전선을 형성할 것으로 보인다. 추 원내대표 역시 이날 대국민 입장발표에서 ‘굴욕적 선택’이었다는 점을 숨기지 않았다. 추 원내대표는 “이재명 친위부대가 대거 국회에 입성한 뒤 친명 강경파들이 장악해 나홀로 폭주, 의회독재 파티에 흠뻑 취해 있다”며 “민주당은 애초부터 원 구성과 관련한 여야간 대화와 협치, 국회정상화에 관심도 없었으며 협상하는 척 쇼만 반복해왔다”고 비판했다. 추 원내대표는 이날 의원총회에 앞서 비상대책위원회 회의에서도 “22대 전반기 원 구성 협상은 국회의장의 협력 하에 여야 합의 원칙이 위배됐다”며 “우리 헌정사에 영원한 수치로 남을 것”이라고 꼬집었다. 그는 “국회의원 후배들이 오늘을 치욕스럽게 생각할 날이, 민주당이 언젠가 땅 치고 후회할 날이 있을 것”이라고 목소리를 높였다. 여당의 이같은 판단에는 지난 21일 야당 단독으로 개최된 채상병 특검법 입법청문회가 결정적인 역할을 한 것으로 보인다. 당시 여당 의원들은 보이콧 기조를 이어가며 법제사법위원회에 불참했다. 이로 인해 야당의 공세에 방어조차 시도하지 못했다는 반성이 제기됐다. 국민의힘은 상임위원 명단을 작성하고 오는 27일 의원총회에서 상임위원장 인선을 논의할 계획이다. 여당은 같은날 본회의를 열고 상임위원장과 여당 몫 국회부의장을 선출하자는 입장이다. 이에 따라 민주당에 의해 11개 상임위에 임의 배정됐던 여당 소속 의원들도 재배치될 예정이다. 배준영 국민의힘 원내수석부대표는 “당규에 정해진 절차에 따라 상임위원장을 내부적으로 정한 다음 국회법에 따라 본회의에서 선출을 하게 된다”며 “어제 원내지도부가 모여서 상임위 배정을 확정했다”고 설명했다. 관례에 따라 3선 의원들이 유력한 국민의힘 상임위원장 후보로 꼽힌다. 정무위원장에는 윤한홍·송석준 의원, 기획재정위원장에는 송언석 의원이 거론된다. 외교통일위원장으론 김석기 의원, 국방위원장으로는 성일종 의원이 유력하다. 산업통상자원중소벤처기업위원장에는 이철규·신성범 의원 등이 후보군으로 분류된다. 정보위원장에는 이만희·윤한홍 의원 등, 겸임 상임위인 여성가족위원장에는 재선인 이인선 의원 등이 언급된다. 국회부의장은 6선인 주호영 의원과 조경태 의원이 전·후반기를 나눠 맡을 가능성이 거론된다. 4선인 이종배 의원, 박덕흠 의원 등도 국회부의장 선거 출마를 원하고 있는 것으로 알려졌다. 22대 국회가 가까스로 정상화 수순에 접어들었으나 갈등은 지속될 전망이다. 국민의힘이 ‘입법 폭주’를 막겠다며 7개 상임위원장직을 수용했으나 민주당은 아랑곳하지 않고 ‘김건희 특검법’ 등과 관련해 입법 청문회를 지체 없이 추진하겠다고 밝혔다. 이해식 민주당 수석대변인은 이날 “(민주당은)상임위별로 입법 청문회와 현안 청문회를 계속하기로 했다”며 “입법 청문회에 대한 국민적 지지와 성원을 확인한 만큼 김건희 특검법 관련 입법 청문회도 지체 없이 추진하기로 했다”고 밝혔다. 민주당은 당장 25일 국토교통위원회에선 전세사기 특별법 개정안과 관련한 입법 청문회를, 과방위에선 방송통신심의위원회 불법 운영 관련 현안 청문회를 각각 연다. 오는 26일에는 보건복지위원회에서 의료계 현안 청문회, 27일에는 환경노동위원회에서 노란봉투법 관련 입법 청문회를 개최한다. 다음달 초 행정안전위원회에선 민생위기극복 특별조치법을 결의할 계획으로, 이를 입법 청문회 방식으로 진행할지를 놓고도 검토에 들어갔다. 한편 우원식 국회의장은 국민의힘이 국회 보이콧을 멈추고 22대 국회에 합류하기로 한 결정에 환영한다는 뜻을 밝혔다. 우 의장은 이날 관훈토론회 도중 소식을 전해듣고 “(여당 입장에서)꽉 막혀 있는 국면이고, 윤석열 대통령과 이재명 더불어민주당 대표하고도 갈등이 있고, 거기에다가 특검법 등이 있었다”면서 “모두 합쳐진 지경이어서 합을 만들기가 굉장히 어려웠을 것”이라고 말했다. 그러면서 “여당의 책임 있는 자세이자 현명한 판단”이라고 환영했다."
더 강해진 ‘노란봉투법’이 왔다?…“노조공화국” vs “노동기본권”,KBS,87,"노동조합법 2·3조 개정안, 이른바 `노란봉투법` 을 둘러싼 논란이 재점화되고 있습니다. 앞서 21대 국회에서 더불어민주당 등 야당 주도로 본회의를 통과했지만, 윤석열 대통령의 거부권 행사 이후 최종 부결돼 폐기됐죠. 하지만 22대 국회 개원 한 달도 채 지나지 않아, 벌써 새로운 개정안 3개가 발의됐습니다. ①민주당 박해철 의원안 과 ②민주당 김태선 의원안 에 더해, ③민주당 이용우·조국혁신당 신장식·진보당 윤종오 의원안 이 야 6당 의원 87명의 서명을 받아 공동 발의됐습니다. 3개 법안은 여당과 정부 불참 속에 지난 20일 국회 환경노동위원회에 상정됐고, 모레(27일) 오후 입법청문회를 앞두고 있습니다. 노동계는 노란봉투법을 22대 핵심 입법과제로 꼽으며 법안 통과를 압박하고 있지만, 정부와 경영계는 일제히 ""파업 만능주의를 부를 것"", ""노조 공화국이 될 것""이라며 강하게 반발하고 있습니다. ■ 21대 국회 통과안과 비교했더니…더 강해졌다? `노란봉투법`은 2014년 쌍용차 파업에 참여했던 노동자들에게 47억 원의 손해배상 판결이 내려지자, 시민들이 언론사에 4만 7,000원이 담긴 노란 봉투를 보내온 데서 유래된 이름입니다. 파업 노동자에 대한 기업의 손해배상 청구를 제한하고, 하도급 노동자에 대한 원청 기업의 책임을 강화하는 내용 이 핵심이죠. 22대 국회 발의안 가운데 박해철 의원안은 21대 국회 통과안과 똑같습니다. 하지만 김태선 의원안과 이용우·신장식·윤종오 의원안(야 6당 공동발의안)은 여기서 한발 더 나아간 내용을 담고 있습니다. `더 강해진 노조법 개정안` 이란 말이 나오는 이유입니다. 먼저, 개정안엔 `근로자` 개념과 `사용자` 개념부터 크게 확장하는 내용이 담겼습니다. 노무 제공자, 더 나아가 노조에 가입한 자를 근로자로 추정할 경우 특수고용·플랫폼 노동자는 물론 자영업자까지 법 테두리 안에 포함될 수 있게 됩니다. 사용자를 근로조건 등에 관해 실질적 지배력이 있는 자, 심지어는 노조 상대방 지위에 있는 자로 정한다면, 원청의 책임 범위가 넓어질 수 있습니다. 개정안엔 `손해배상 청구` 제한의 폭을 넓히는 내용도 담겼습니다. 사용자의 부당노동행위 등 불법행위로 인한 노조의 쟁의행위에 대해선 손해배상 청구를 제한하고, 노조의 의사결정에 따른 경우 근로자 개인에 대한 손해배상 청구를 금지 하는 내용입니다. 손해배상 청구가 노조 활동을 위축시키고, 근로자의 괴롭힘 수단으로 활용된다면 청구할 수 없다는 내용도 있습니다. ■ 경총 ""노조공화국 전락할 것""…정부 ""파업만능주의 부를 것"" 경영계와 정부는 개정안에 강하게 반발하며 `입법 추진 중단`을 요구했습니다. 한국경영자총협회(경총) 이동근 상근부회장은 오늘(25일) 서울 마포구 경총회관에서 `노조법 개정 반대 긴급 기자회견`을 열고 ""대한민국이 그야말로 노조공화국, 파업공화국으로 전락할 것"" 이라고 했습니다. 이 부회장은 특히 ▲`근로자`·`사용자` 개념 확대 와 ▲손해배상 청구 제한 부분을 `악법`으로 꼽으며, 외국인 투자기업들이 가장 우려하는 것도 국내 `노조 리스크`라고 주장했습니다. 그러면서 ""근로자·사용자·노동조합의 범위를 무분별하게 확대함으로써 노조법을 형해화하고 노사관계 근간을 무너뜨릴 것""이라며 ""결국 자영업자를 비롯한 모든 사람이 노동조합을 조직해 거의 모든 의제에 대해 자신들이 원하는 상대에게 교섭을 요구하고 파업을 할 수 있게 된다""고 지적했습니다. 이어 ""불법쟁의행위에 대한 손해배상 청구를 사실상 원천적으로 봉쇄하는 개정안은 헌법상 재산권을 침해하고 민사상 손해배상 법리에 반하는 전 세계에서 유례를 찾아볼 수 없는 법안""이라고 했습니다. 경총은 앞으로 국회의 입법 진행 상황에 따라 국내 6개 경제단체장의 국회 방문부터 대통령 거부권 행사 건의까지 여러 방안을 검토하고 있다고 전했습니다. 이정식 고용노동부 장관도 어제(24일) 정부세종청사에서 진행된 기자간담회에서 ""불법행위에 면죄부를 주는 세상에 그런 법이 어딨느냐""며 ""파업만능주의가 될 것"" 이라고 강도 높게 비판했습니다. 이 장관은 ""이전에 거부권이 행사된 법안보다 독소조항이 더 많다""며 ""건전한 노사관계와 법 집행이 어려워지고 일자리 문제가 심각해질 것""이라고 우려했습니다. ■ 민주노총 ""특고·플랫폼 등 비정규직 노동자 노동기본권 강화"" 반면, 민주노총은 오늘 서울 영등포구 국회 본청 앞에서 `노조법 2·3조 개정안 통과 촉구 기자회견`을 열고 법안 즉각 통과를 촉구했습니다. 이들은 ""노조법 2·3조 개정안은 파견, 용역, 사내하청, 특수고용, 플랫폼 등 하청비정규직노동자의 노동3권을 보장하고 모든 노동자의 노동기본권을 강화하기 위한 것 ""이라고 강조했습니다. 특히 `사용자`·`근로자` 개념 확대에 대해선 ""간접고용 관계에 있는 하청노동자의 단체교섭권을 보장하기 위한 것"", ""특수고용·플랫폼노동자가 정부와 사용자로부터 부당하게 단결권과 단체교섭권을 침해받지 않도록 보완하는 것""이라고 설명했습니다. 또 ""노동조합법상 노동자로 인정돼 정당한 노조 활동을 한 건설기계노동자와 화물운송노동자를 부당하게 탄압하고 노동자를 `사업자`로 자의적으로 규정하는 폭거를 반복하지 않기 위함""이라고도 지적했습니다. 민주노총은 ""노동3권은 간접고용, 특수고용 등 고용형태에 따라 차별받는 권리가 아니라 모든 노동자에게 보편적으로 적용되는 기본권 ""이라며 ""22대 국회는 더는 머뭇거리지 말고 민주노총의 노조법 2·3조 개정안을 즉각 통과시켜야 한다""고 촉구했습니다. 국회 환노위 관계자는 ""21대 국회 처리안을 기초에 놓고, 추가적인 내용을 어느 정도까지 반영할지에 대한 논의를 아직 하고 있는 단계""라며 ""국민의힘이 상임위원회에 복귀했기 때문에 조금 더 논의과정을 거칠 수도 있다""고 밝혔습니다. (그래픽: 이재희) ■ 제보하기 ▷ 전화 : 02-781-1234, 4444 ▷ 이메일 : kbs1234@kbs.co.kr ▷ 카카오톡 : `KBS제보` 검색, 채널 추가 ▷ 네이버, 유튜브에서 KBS뉴스를 구독해주세요!"
"노동장관 ""노란봉투법 독소조항 늘어…왜 다시 추진하는지 몰라""",연합뉴스,77,"27일 입법청문회 출석 시사…통과 시 거부권 건의 여부엔 즉답 피해 외국인유학생 가사사용인 `최저임금 미적용` 문제엔 ""수요 많아 최저임금보다 높아"" (세종=연합뉴스) 이재영 기자 = 대통령 재의요구(거부)로 무산된 `노란봉투법` 입법이 재추진되는 것과 관련해 이정식 고용노동부 장관은 ""왜 하려는지 모르겠다""며 ""이전에 거부권이 행사된 법안보다 독소조항이 더 많다""고 비판했다. 이 장관은 27일 예정된 입법청문회에는 출석하겠다는 입장을 내비쳤다. 그는 24일 정부세종청사에서 진행된 기자간담회에서 ""제21대 국회에서 최종 부결된 노조법 2·3조 개정안이 논란의 소지가 큰 새 조항이 추가돼 다시 발의됐다""며 ""불법행위에 면죄부를 주는 법안으로 세상에 이런 법이 없다""고 강도 높게 비판했다. 야당은 17일 사용자를 노동조건 등에 대해 사실상 영향력 또는 지배력을 행사하거나 보유한 자로 규정하고, 쟁의행위 등이 사용자의 부당노동행위 등 불법행위로 발생한 경우 손해배상을 청구할 수 없도록 하는 `노란봉투법`으로 불리는 노조법 개정안을 재발의했다. 특히 21대 국회 문턱을 넘었으나 윤석열 대통령이 거부권을 행사해 입법이 안 된 법안과 비교해 `근로자가 아닌 자가 가입하면 노조로 보지 않는다`라는 규정을 삭제하는 내용이 추가됐다. 특수고용노동자(특고)와 플랫폼 종사 노동자 단결권을 보장하기 위한 목적이다. 이 장관은 ""노사관계가 좋은 곳은 회사도 노조도 합리적인데 (노조법 개정안이 통과되면) 악순환이 일어날 것""이라며 ""기업이 불안해하면서 청년 일자리가 사라지고, 노동시장 이중구조가 고착하면서 국민경제 어려움이 지속해 결국 국민의 부담이 될 것""이라고 주장했다. 그는 27일 예정된 노조법 개정안 입법청문회에 출석하겠느냐는 질문에 ""국회법에 따르겠다""고 밝혀 출석을 시사했다. 이번 노조법 개정안이 국회를 통과하면 거부권 행사를 건의할지는 ""(통과를) 예단할 수는 없다""며 즉답을 피했다. 이날 간담회에서는 정부가 저출생 추세 반전 대책으로 내년 상반기까지 1천200명을 목표로 고용허가제를 통해 고용허가(E-9) 비자를 가진 외국인 돌봄인력을 도입하고, 5천명 규모 시범사업을 통해 유학생이나 외국인노동자 배우자가 `가사사용인`으로 일할 수 있도록 하는 방안을 내놓은 점도 도마 위에 올랐다. 애초 정부는 서울시의 100명 규모 `필리핀 가사도우미 시범사업` 결과를 보고 사업을 확대할지 정하겠다고 했는데, 서울시 시범사업으로 국내에 들어오는 필리핀 가사도우미가 9월부터 배치됨에도 일찌감치 확대를 결정했다는 비판이 나온다. 이 장관은 서울시 시범사업이 늦어진 것이라는 취지로 해명하면서 ""시범사업과 평가를 동시에 진행하겠다""고 밝혔다. 외국인 유학생과 외국인 노동자 배우자를 가사사용인으로 활용하는 방안에 대해서는 `근로기준법과 최저임금 밖 노동자`를 정부가 나서서 양산한다는 비판이 제기된다. 가사사용인은 근로기준법과 최저임금법이 적용되지 않는다. 이 장관은 ""(돌봄인력) 공급이 수요를 못 따라가 다양한 방식을 고민하는 것""이라며 ""내국인 돌봄인력이 매년 1만2천명씩 줄고 50대 이상이 92%가 넘을 정도로 고령화되는 상황에서, 이미 국내에 들어온 인력을 활용하자는 차원""이라고 설명했다. 이어 `알음알음으로 고용하는 가사사용인`에 대해선 ""가정에서 1대1로 이뤄지는 일을 어떻게 감독하겠느냐""며 이들이 근로기준법이나 최저임금을 적용받지 못하는 문제에 대해선 별다른 대책을 밝히지 않았다. 이 장관은 노동부의 `가사서비스 제공기관 인증제`가 제대로 운영되지 않고 있다는 주장도 펼쳤다. 정부의 인증을 받은 가사서비스 제공기관과 계약을 맺고 각 가정에 파견돼 일하는 `가사관리사`는 근로자로서 최저임금을 받는다. 그는 ""노동부가 열심히 했지만 인증받은 가사서비스 제공기관이 107개밖에 안 되고, 그것도 실질적으로 작동이 안 된다""며 ""(가사사용인) 공급보다 수요가 많아 시장에서 (임금은) 최저임금보다 높다""고 말했다. 노동부 관계자는 ""(현재 시장에서) 가사사용인들은 가사관리사보다 낮은 수준이지만 최저임금 이상을 받는다""며 ""외국인 유학생이나 외국인노동자 배우자를 가사사용인으로 해도 최저임금보다 적게 받을 것으로 보지 않는다""고 설명했다. 다만 노동부의 이런 해명은 윤 대통령의 지난 4월 민생토론회 점검 회의 때 발언과 배치된다는 지적이 나온다. 당시 윤 대통령은 ""국내에 거주하는 외국인 유학생과 결혼이민자 가족분들이 가사·육아 분야에 취업할 수 있는 것은 효과적인 방법""이라며 ""그러면 가정 내 고용으로 최저임금 제한도 받지 않고 수요와 공급에 따라 유연한 시장이 형성될 것""이라고 말했다. jylee24@yna.co.kr"
"더 독해진 노란봉투법…""국가경제 위태""",한국경제TV,75,"<앵커> 21대 국회에서 대통령 거부권으로 폐기됐던 노동조합법 개정안, 이른바 `노란봉투법`이 다시 발의됐습니다. 개정안은 이전 보다 근로자 범위를 확대하고, 파업에 대한 손해배상 청구도 대폭 제한했는데, 재계는 ""노사관계 파탄을 넘어 국가경제까지 위태롭게 될 것""이라며 입법 중단을 촉구했습니다. 이서후 기자가 보도합니다. <기자> 지난 20일 민주당을 비롯한 야당이 이른바 노란봉투법 (노동조합 및 노동관계조정법 2·3조 개정안)을 단독 상정했습니다. 21대 국회에서 윤석열 대통령이 거부권을 행사해 최종 폐기된 법안을 22대 국회가 열리자 마자 다시 추진하는 겁니다. 이번 개정안은 노동자의 개념을 `노조를 조직하거나 가입한 자`로 확대해 노조만 만들면 누구나 근로자가 될 수 있습니다. 기존에 해당되지 않았던 프리랜서 등 특수고용 노동자와 플랫폼 노동자도 포함됩니다. 또 폭력, 손괴 등 불법 파업이 이뤄지더라도 노조 활동에 따른 것이었다면 기업이 조합원에게 손해배상 청구를 할 수 없다는 내용도 추가됐습니다. 경영계는 강력 반발했습니다. [이동근/경총 상근부회장: 21대 국회의 개정안보다 더욱 심각한 개악안을 상정시켜 노사관계 파탄을 넘어 국가 경제까지 위태롭게 될 것으로 우려되는 바. 경영계는 참담함을 금할 수 없습니다.] 특히 사용자의 범위가 현행법의 `근로계약 당사자`에서 `사내 하도급의 원사업주`등으로 확대해 하청 노조 역시 원청업체의 사업주를 대상으로 단체교섭과 쟁의행위를 할 수 있는 독소조항이라는 지적이 나옵니다. 대부분 원·하청 협업으로 이뤄진 자동차, 조선, 건설 등 국내 산업 특성상 생태계 자체가 무너질 수 있다는 설명입니다. 실제 현대자동차는 협력사만 5천여곳에 달하는데, 개정안이 시행되면 현대차는 직접적인 계약 관계가 아닌 모든 노조에 일일이 대응해야하는 상황이 초래됩니다. 재계는 ""모든 사람들이 노조를 조직해 교섭을 요구하고 파업을 할 수 있어 그야말로 파업공화국으로 전락할 것""이라며 국회에서 법안이 통과될 경우 또다시 윤 대통령에 거부권 행사를 건의하겠다고 강조했습니다. 한국경제TV 이서후입니다."
"尹 지지율, `소폭 반등` 32.1％…국민의힘 36.2％·민주당 37.2％",매일신문,75,"조국혁신당 10.7%로 창당 이후 최저 지지율 윤석열 대통령 지지율이 전주보다 2%포인트(p) 소폭 반등했지만 여전히 30%대 초반에 머무르고 있따는 여론조사 결과가 24일 나왔다. 리얼미터가 에너지경제신문 의뢰로 지난 17∼21일 전국 18세 이상 유권자 2천508명을 대상으로 조사(95％ 신뢰수준에 표본오차 ±2.0％포인트)한 결과, 윤 대통령의 국정 수행 긍정 평가는 32.1％로 집계됐다. 일주일 전 조사보다 2.0％p 오른 수치다. 윤 대통령 지지율은 4월 1주 37.3%를 기록한 이후 30% 초반대에서 횡보 중이다. 국정 수행 부정 평가는 1.0％p 하락한 65.0％로 조사됐다. 권역별로는 광주·전라(2.8％p↓)에서 지지도가 하락했고, 부산·울산·경남(6.0％p↑), 대구·경북(2.4％p↑), 인천·경기(1.7％p↑) 등에서는 올랐다. 연령대별로는 30대(3.2％p↓)를 제외한 모든 연령대에서 상승했다. 일간 지지율은 18일 32%로 시작해 19일 32.8%로 오르다가 20일 31.2%, 21일 31.7%로 32% 안팎에서 유지됐다. 리얼미터 관계자는 ""종부세 폐지·상속세율 인하 예고 이후 국정 지지세 회복이 언뜻 보였으나 주 후반까지 지속되지 않았다""고 분석하며 ""의정 갈등에 따른 의료 공백, `채 해병 특검` 공방과 더불어 야권의 `노란봉투법·양곡법` 재상정 등 지지율 변동 요인들이 해소없이 심화하고 있다""고 부정적 전망을 내놨다. ▶지난 20∼21일 전국 18세 이상 유권자 1천6명을 대상으로 진행한 정당 지지도 조사(95％ 신뢰수준에 표본오차 ±3.1％p)에서는 국민의힘 36.2%, 민주당 37.2％를 기록했다. 전주 조사와 비교해 국민의힘은 0.3％p, 민주당은 1.8％p 각각 상승했다. 조국혁신당의 정당 지지도는 10.7％로, 전주 보다 2.5％p 하락하며 창당 이후 최저치를 기록했다. 이밖에 개혁신당 4.8％, 새로운미래 1.4％, 진보당 1.4％, 기타정당 1.8％였다. 무당층은 6.5％로 조사됐다. 대통령 국정 수행 평가 조사는 무선(97％)·유선(3％) 자동응답 전화조사 방식으로 이뤄졌고, 응답률은 2.6％다. 자세한 사항은 리얼미터 홈페이지 또는 중앙선거여론조사심의위원회 홈페이지를 참조하면 된다."
"[현장] ""현대차, 4천개 하청노조와 교섭?""…경총 ""노란봉투법 통과시 거부권 건의""",데일리안,67,"""21대 노란봉투법보다 심각한 내용 담겨"" ""근로자·사용자·노동쟁의 개념 무분별하게 확대"" ""非노동계 출신 의원 대상 설득작업…안되면 거부권 건의"" [데일리안 = 박영국 기자] 이전보다 강화된 노란봉투법(노동조합 및 노동관계조정법 개정안)의 내용 만큼이나 경영계의 반발도 거셌다. 아직 국회를 통과하지 않은 상황이지만 ‘대통령 거부권 행사 건의’까지 언급했다. 25일 ‘노조법 개정 반대 긴급 기자회견’을 열고 마이크를 잡은 이동근 한국경영자총협회 상근부회장은 “절박한 심정으로 나왔다”고 했다. 법안을 발의한 야당을 두고 “경영계 의견을 무시했다”, “참담함을 금할 수 없다”고 비난하기도 했다. 그도 그럴 것이 이번 22대 국회에서 6개 야당이 공동 발의한 노란봉투법은 지난 21대 국회에서 발의했다가 윤석열 대통령의 거부권 행사로 무산된 법안의 업그레이드 버전이다. 이전 버전만 해도 ‘노사 관계 파탄’을 언급하며 입법 중단을 호소했건만 이를 무시하더니 22대 국회에서 기업을 더욱 옥죄는 독소조항을 추가해 내놨다는 게 경영계의 판단이다. 노란봉투법은 기본적으로, 노조에 대한 사용자의 책임 범위를 확대하고, 노조의 불법 쟁의행위에 따른 사측의 피해에 법적 대응을 제한하는 내용을 담고 있다. 22대 국회에서 6개 야당이 발의한 법안은 이런 방향성이 더 극단화됐다. 우선 근로자‧사용자 개념이 사실상 무한대로 확장했다. 하청업체, 협력사 직원이 원청업체를 상대로 교섭을 요구하고 파업할 수 있도록 했던 이전 노란봉투법에 더해 ‘노조를 조직하거나 노조에 가입한 자는 근로자로 추정한다’는 조항이 추가됐다. ‘근로자가 아닌 자의 가입을 허용할 경우 노조로 보지 않는다’는 기존 조항은 삭제됐다. 이를 반영하면 개인사업자 신분인 특수고용노동자들도 노조를 만들어 이전에는 ‘계약 관계’였던 회사를 상대로 교섭을 요구하고 쟁의를 벌이는 게 가능해진다. 해고자도 노조에 들어가 활동할 수 있고, 심지어 노조가 사측을 괴롭히는 데 특화된 ‘전문 시위꾼’을 영입할 수도 있다. 이동근 경총 부회장은 이날 간담회에서 “이번 개정안은 기존 법안보다 근로자성과 사용자성 모두 극단적으로 확대했다”면서 “기존엔 ‘원청이 실질적 지배관계에 있으면 하청 근로자가 교섭을 요구할 수 있다’는 단서조항이 있었는데, 새 개정안은 무조건적으로 교섭을 요구할 수 있도록 했다”고 말했다. 그는 “현대자동차를 예로 들면, 하청업체가 4000개에 달하는데, 모든 하청 근로자들이 단체교섭을 요구하면 4000번의 교섭을 해야 한다. 그걸 어떻게 응할 수 있겠느냐”고 반문했다. 나아가 “근로자와 사용자 범위가 워낙 광범위해 교섭에 응해야할지 말아야할지 판단도 어렵고, 그 때문에 CEO가 처벌을 받을 수도 있다”고 지적했다. 법 체계와도 부딪친다고 지적했다. 이 부회장은 “교섭과 관련된 문제는 하청업체 근로자와 사장의 문제지 원청에 책임을 묻는 것은 법 체계 자체와도 충돌한다”고 지적했다. 새 노란봉투법은 노조원의 불법 쟁의행위에도 완전한 면죄부를 부여하는 내용을 담고 있다. 이전 노란봉투법은 불법 쟁의로 회사가 피해를 입었을 때 노조원 개인의 불법행위나 책임을 회사가 입증하도록 하는 내용이 담겼었다. 다수의 인원이 폭력, 파괴 행위를 벌이는 혼란의 와중에 개개인의 신상을 특정하도록 하는 게 쉽지 않으니, 사측의 대응이 어려웠다. 여기서 더 나아가 새 노란봉투법은 아예 사측이 노조원의 불법 쟁의에 대응할 여지를 없앴다. 노조법 3조 개정안에는 ‘사용자는 노동조합의 의사 결정을 수행하는 과정에서 발생한 손해에 대해 노동조합 이외에 근로자 개인에게 배상을 청구할 수 없다’는 내용이 추가됐다. 이동근 부회장은 “(이전 개정안에서) 손해배상을 제한할 수 있다고 하던 걸, 아예 노조가 책임질 경우 조합원은 책임이 아예 없는 걸로 해서 손해배상 자체를 할 수 없도록 했다”면서 “상식적으로도 말이 안 되고, 법리적으로도 안 맞는 법”이라고 꼬집었다. 이 부회장은 앞으로 노란봉투법 국회 통과를 저지하기 위해 총력을 다 하겠다고 밝혔다. 다만, 더불어민주당을 비롯한 진보성향 야당들의 의지과 의석 수를 감안하면 국회 통과 저지는 힘들 것으로 봤다. 결국 국회를 통과하면 대통령에게 거부권 행사를 건의하는 수밖에 없다는 입장이다. 그는 “지난 20일 국회 환노위(환경노동위원회)에 상정됐고, 소위에서 논의를 진행한 뒤 환노위 전체 회의에서 의결이 되면 법사위(법제사법위원회)를 거쳐 본회의로 넘어가는 수순”이라고 말했다. 일단 국회 통과 이전까지는 민주당 지도부 등을 상대로 적극적인 설득 작업에 들어간다는 방침이다. 이 부회장은 “민주당에도 객관적이고 합리적 생각을 가진 의원들이 많지만, 노동계 편향적인 일부 국회의원들이 노보법 개정안을 밀어붙인 것”이라며 “저도 그렇고 손경식 회장도 민주당 지도부를 개별적으로 만나 노동계 편향적으로 가지 말도록, 객관적이고 합리적인 시각으로 판단해달라고 읍소할 예정”이라고 밝혔다. 노란봉투법의 국회 통과 이전에 토론 등을 통한 의원들의 인식 변화도 유도할 예정이다. 이 부회장은 “환노위에 노동계 출신들이 많고 그들이 관련 법안을 주도 중인데, 그보다 훨씬 숫자가 많은 의원들을 대상으로 문제점을 설명하는 기회가 필요하다”면서 “가급적 국회에서 공청회가 됐건 소위가 됐건 생산적 토론을 통해 균형적 판단을 해달라는 게 우리 입장”이라고 말했다. 이 부회장은 그러면서도 “국회 처리 절차에 따라 여러 대응 방안을 모색하겠지만, 국회를 통과한다면 대통령께 거부권 행사를 건의할 예정”이라고 말했다."
李 수사 검사들 탄핵하겠다는 민주당...`이재명 방탄`에 사활,디지털타임스,58,"더불어민주당이 쌍방울 대북송금 사건 등 이재명 대표와 관련된 수사를 이끈 주요 간부 검사들에 대한 탄핵소추를 추진하기로 했다. 검찰, 법원에 이어 수사 검사들을 직접 정조준하면서 이 대표 사법리스크 방탄에 당력을 집중한다는 비판의 목소리가 나온다. 민주당 정치검찰사건조작특별대책단 단장인 민형배 의원은 20일 오후 여의도 국회에서 취재진과 만나 ""이번 주 탄핵소추안 작성에 들어갔다""며 ""일부 탄핵소추안은 21대 국회 때 이미 마련해 놓은 게 있어 그리 오래 걸리지 않을 것""이라고 밝혔다. 민주당이 탄핵소추 대상으로 선별한 검사는 4명이다. 해당 검사들은 이 대표가 연루된 대장동 의혹 및 대북송금 의혹 등을 수사한 검찰 간부들이다. 아울러 민주당은 △수사기관 무고죄 △표적 수사 금지법 △법 왜곡죄 등을 입법화하겠다는 계획이다. 법제사법위원회(법사위) 소속인 장경태 의원은 이날 라디오 인터뷰에서 ""검찰은 이 대표가 마치 쌍방울의 주가조작에 연루된 것처럼 기소했다. 전형적인 기소권 남용""이라며 ""공권력을 남용한 검사를 탄핵해야 한다""고 주장했다. 법사위 소속인 장 의원은 ""국회법상 탄핵소추안이 발의되면 법사위가 행정조사권을 발동할 수 있다""면서 ""국정조사에 준한 조사권을 발동해서 그 검사가 왜 공소권을 남용했는지 등을 조사해야 한다""고 말했다. 김민전 국민의힘 수석대변인은 논평을 내고 ""민주당은 이재명 대표 사건 수사팀을 겨냥한 특검법과 검사 탄핵까지 추진하며 검찰과 법원을 겁박하려 하고 있다""면서 ""하지만 아무리 발버둥 쳐도 진실을 가릴 수는 없다. 쌍방울 불법 대북 송금 사건만 보더라도, 이화영 전 부지사의 유죄 판결로 인해 이 대표의 연관성은 더욱 뚜렷해지고 있는 상황""이라고 직격했다. 김 수석대변인은 ""그럼에도 이 대표와 그 지지자들은 `조작`, `창작` 등 온갖 궤변을 늘어놓으며 사법부를 겁박하고, 뜬금없이 언론을 탓하기까지 하고 있다. 피고인이 수사기관을 공격하고, 법치의 보루인 사법 시스템의 근본을 뒤흔들고 있는 모습이 참으로 뻔뻔하다""며 ""진정 억울하다면 재판을 통해 결백을 입증하는 것이 순리일 것""이라고 촉구했다. 민주당은 이날 여당이 불참한 가운데 단독으로 법안심사제1소위원회 2차 회의를 열고 `채 상병 특검법`을 강행 처리했다. 법사위 1소위원장을 맡은 김승원 의원은 회의가 끝난 뒤 기자들과 만나 ""소위 위원님들의 의견을 담아 (특검법을) 가결했다""며 ""이 역사적 특검법에 거부권을 행사할 수 없을 정도로 완성된 법안을 만들었다고 국민 여러분께 보고한다""고 밝혔다. 김 의원은 ""특검법이 신속한 처리와 증거 산일(散逸)을 막기 위해 원안을 중심으로 하면서 꼭 필요한 부분을 담았다""면서 ""(특검) 수사 준비 기간 20일에도 증거 멸실을 막기 위해 꼭 필요한 경우 수사할 수 있게 규정을 담았다""고 설명했다. 민주당은 환경노동위원회(환노위)와 농림축산식품해양수산위원회(농해수위) 전체회의를 열어 윤 대통령이 거부권을 행사한 법안에 대한 재상정했다. 환노위와 농해수위는 각각 야당만 참석한 전체회의를 열고 하청 노동자에 대한 원청 책임을 강화하고 파업 노동자에 대한 기업의 손해 배상 청구를 제한하는 `노동조합법 개정안`(노란봉투법)과 시장에서 팔리지 않고 남은 쌀을 정부가 사들이는 `양곡관리법 개정안`을 상정했다. 이들 법안은 윤 대통령이 21대 국회에서 거부권을 행사해 재표결 문턱을 넘지 못한 법안이다. 아울러 민주당은 긴급 의원총회를 통해 4개 법안 추진을 당론으로 채택하며 정부여당과 대립각을 세웠다. △간호법 △지역 사랑 상품권 이용 활성화법 △탄소 중립 산업 특별법 △소상공인 보호 및 지원에 관한 법 등이다."
"""비상 경영, 남의 일 아냐""…커지는 리스크에 불안한 기업들",머니투데이,53,"[리스크의 시대, 기업의 생존법]① [편집자주] 앞이 잘 보이지 않는다. 예상보다 길어지는 고물가·고금리, 중동 분쟁, 미국 대선 결과에 따른 불확실성 등으로 세계 경제가 요동치고 있다. 4월 총선 이후 국내 정치 리스크도 커졌다. 이른바 `리스크의 시대`다. 굴지의 대기업들은 `비상 경영`을 선언하고 활로를 찾아 나섰다. 사업구조 개편, 희망퇴직 등 `마른 수건 쥐어짜기`로 위기 돌파에 나선 기업도 적지 않다. 우리 기업들이 우려하는 대내외 핵심 리스크를 살피고 돌파구를 모색해본다. 2024년 한국 경제에 코로나19(COVID-19) 같은 `재난성 악재`는 없다. 먹구름이 걷히는 모습이다. 지난해 1.4%였던 경제 성장률은 올해 2%대 중후반으로 뛸 것이란 전망이 나오고, 정부도 ""최근 경기 회복 흐름이 확대되고 있다""고 평가한다. 그러나 이런 분석이 무색할 정도로 우리 기업들이 느끼는 위기감은 최고조로 치닫고 있다. 쏟아지는 국내외 리스크에 `복합 위기`를 거론하며 비상 경영 체제에 돌입하는 기업들이 늘고 있다. 실제로 삼성그룹 주요 계열사 임원은 지난 4월부터 주 6일 근무를 시작했다. SK그룹은 24년 만에 `토요 사장단 회의`를 부활하고 고강도 쇄신에 나섰다. 이마트는 창사 이래 첫 전사 희망퇴직을 받았다. 올해 격주 주 4일제를 도입했던 포스코는 최근 임원 근무를 다시 주 5일제로 전환했다. 기업들이 느끼는 위기감은 숫자로도 증명된다. 제조업 업황 기업경기실사지수(BSI)는 올해 70~74 수준으로 최근 20년 장기평균(79)보다 크게 낮다. BSI가 100보다 낮으면 경기 전망을 부정적으로 보는 기업이 많다는 것을 의미한다. 최근 머니투데이와 대한상공회의소가 공동으로 실시한 설문조사(이하 설문조사)에서 응답 기업의 절반 이상(53.5%)이 ""최근 5년 사이 국내외 리스크가 확대됐다""고 답했다. 코로나 사태 영향은 고려하지 않은 응답 결과다. 기업들은 가장 큰 국내외 리스크로 `고물가·고금리`를 꼽는다. 설문조사 응답 기업 절반(50.8%)이 `세계적인(한국 포함) 고물가·고금리 지속`을 가장 큰 경영 리스크라고 답했다. 고물가에 따른 소비 위축, 고금리로 인한 높은 이자 부담과 자금 조달 어려움이 경영에 큰 걸림돌이 되고 있다는 것이다. 유럽 등 일부 국가가 최근 기준금리를 내렸지만 한국·미국 등 주요국 고금리 기조는 여전히 끝을 가늠할 수 없다. 박일준 대한상의 상근부회장은 ""통화당국도 한·미 금리 격차와 경기 상황을 고려한 통화정책에 고민이 있을 것으로 본다""며 ""우리나라 GDP(국내총생산) 대비 120%를 넘는 기업부채는 지금처럼 고금리 상황에서 부담으로 작용하는 것이 사실""이라고 말했다. 수출기업 입장에선 러시아·중동 등 세계 곳곳에서 벌어지는 분쟁이 큰 리스크다. 국제 분쟁은 글로벌 공급망 교란, 세계 경제 위축을 야기하기 때문에 한국 수출기업이 직·간접적으로 피해를 본다. 전쟁 영향으로 출렁이는 환율과 국제유가 역시 기업을 어렵게 하고 있다. 예측하기 어려운 11월 미국 대선 결과도 경영 불확실성을 키운다는 지적이다. 국내 정치 리스크도 만만치 않다. 야당이 총선에서 과반 의석을 차지하며 노란봉투법(노동조합 및 노동관계조정법 개정), 횡재세 부과 법안 등 기업 부담을 늘리는 각종 법안들이 처리될 가능성이 커졌기 때문이다. 반대로 산업계가 기대했던 법인세 인하 등 입법 과제는 추진 동력이 축소됐다. 기업에 힘을 실어줄 각종 규제 개혁 법안 역시 처리를 낙관할 수 없다. 정부·국회의 미흡한 리스크 관리가 아쉽다는 목소리가 나올 수 밖에 없다. 개별 기업이 결국 스스로 대응해야 할 필요성을 느끼지만 실행이 만만치 않다. 설문조사에서 ""자신의 기업이 리스크에 잘 대응하고 있다""는 응답은 19.6%(잘하고 있다 19.3%, 매우 잘하고 있다 0.3%)에 머물렀다."
"尹 거부한 `노란봉투법`, 野 단독으로 환노위 다시 상정",연합뉴스,52,"원청기업 책임 강화하고 파업 노동자에 손배청구 제한 (서울=연합뉴스) 한혜원 기자 = 국회 환경노동위원회는 20일 야당 의원들만 참석한 채 전체회의를 열어 이른바 `노란봉투법`으로 불리는 노동조합법 개정안을 전체회의에 상정했다. 민주당의 상임위원장 임명 강행에 반발하는 여당 의원들은 불참했다. 개정안은 민주당 김태선 의원 발의안, 민주당 박해철 의원 발의안, 민주당 이용우·조국혁신당 신장식·진보당 윤종오 의원 공동발의안 등 3건이다. 이들 개정안은 하청 노동자에 대한 원청의 책임은 강화하고 파업 노동자에 대한 기업의 손해배상 청구를 제한하는 내용으로 21대 국회에서 윤석열 대통령의 재의 요구로 국회에 돌아와 폐기된 노란봉투법과 같은 내용의 법안이다. 폐기물을 사용해 시멘트를 제조한 경우 사용된 폐기물의 종류와 원산지 등 정보를 공개하게 하는 내용의 폐기물관리법 개정안도 전체회의에 상정됐다. 민주당 소속인 안호영 환노위원장은 ""개정안은 환노위에 회부된 후 국회법상 숙려기간인 15일이 지나지 않았지만, 긴급성과 불가피성을 고려해 상정한다""며 ""아직 법안소위가 구성되지 않았으니 개정안을 전체회의에 계류시키겠다""고 말했다. 환노위는 이날 이정식 고용노동부 장관, 한화진 환경부 장관, 유희동 기상청장을 불러 업무보고를 들을 계획이었지만 이들은 출석 요구에 응하지 않았다. 환노위는 오는 27일 노란봉투법 입법을 위한 청문회를 열기로 하고 고용노동부 이 장관과 이성희 차관 등의 출석을 요구했다. 이와 별도로 28일에는 환경부·노동부·기상청 업무보고와 전북 부안 지진 발생 관련 현안 보고를 진행하겠다며 장·차관과 청·차장이 증인으로 출석할 것을 요구했다. hye1@yna.co.kr"
[사설] “민주당 아버지는 이재명”…巨野 사당화와 방탄 도를 넘었다,서울경제,46,[서울경제] 더불어민주당 내부의 이재명 대표 떠받들기와 ‘방탄’ 행태가 도를 넘고 있다. 강민구 민주당 최고위원은 19일 최고위원회의에서 “민주당의 아버지는 이재명 대표”라며 “집안의 큰 어르신으로서 영남 민주당의 발전과 전진에 관심을 가져주셨다”고 추켜세웠다. 이 대표가 지명한 강 최고위원은 60세 동갑인 당 대표에 대해 ‘당의 아버지’와 ‘집안의 어르신’으로 극도의 공경을 표시했다. 논란이 되자 강 최고위원은 “(이 대표를 향한) 깊은 인사는 ‘영남 남인’의 예법”이라는 해괴한 해명을 내놓았다. 정청래 최고위원은 “이재명 대표 시대”라고 예찬했다. 이런 광경은 민주당이 당헌·당규를 개정한 지 불과 며칠 사이에 벌어졌다. 당헌을 고쳐 ‘당권·대권 분리 원칙’을 허물고 ‘부정부패 연루 당직자의 자동 직무정지’ 조항을 폐지해 이 대표가 대표직 연임 가도를 달리게 됐으니 당내 충성 경쟁이 더 심화된 것이다. 민주당의 사당화는 점입가경이다. 강경파 의원들은 언론을 ‘애완견’으로 비하한 이 대표의 최근 발언을 감싸기에 바빴다. 양문석·노종면 의원은 각각 “애완견이라는 표현은 애완견에 대한 모독” “학술 용어”라고 했다. 민주당은 이 대표의 사법 리스크 의혹을 덮기 위해 국회에서 방탄 행보를 서두르고 있다. 검찰이 쌍방울그룹 대북 송금 사건과 관련해 이 대표를 제3자 뇌물죄 등의 혐의로 최근 기소했기 때문이다. 민주당은 국회 법제사법위원장에 정 최고위원을 앉히고 강성 친명계 의원들을 법사위원으로 포진시켰다. 이러니 “법무법인 더불어민주당이냐”는 비아냥이 나오는 것이다. 거대 야당은 노동계·농민 강성 지지층을 결집시켜 당 외곽의 친명 방탄 대오를 만들려 하고 있다. 20일 국회의 관련 상임위원회를 열어 회사 측의 방어권을 한층 제약하는 방향으로 개악한 ‘노란봉투법’과 쌀 과잉생산을 조장할 수 있는 양곡관리법 개정안 밀어붙이기에 나섰다. 민주당 창당 주역인 김대중 전 대통령의 당 총재 재임 시절에도 이 같은 노골적 사당화 움직임은 없었다. 민주당이 집권을 지향하는 공당(公黨)이라면 도를 넘는 ‘대표 우상화’ 행태에 부끄러움을 느끼고 상식과 원칙의 정치를 복원해야 한다.
"野, `尹 거부` 노란봉투법·양곡관리법 단독 상임위 상정…21일 `해병대원 특검법` 청문회",TV조선,46,"[앵커] 민주당이 공언한대로 윤석열 대통령이 거부권을 행사했던 법안들을 발빠르게 재입법하고 있습니다. 그제 방송3법에 이어 오늘은 노란봉투법과 양곡관리법을 소관 상임위에 상정했습니다. 지난 국회 때 폐기된 법안을 즉시 상정할 수 있도록 하는 이른바 `폐기법안 부활법`도 추진합니다. 최원국 기자입니다. [리포트] 국민의힘 의원들이 불참한 가운데 민주당 소속 안호영 환노위원장이 `노란봉투법`으로 불리는 노동조합법 개정안을 상정합니다. 안호영 / 국회 환경노동위원장 ""이의 없으십니까? 이의가 없으므로 가결되었음을 선포합니다."" 노란봉투법은 하청 노동자에 대한 원청 책임을 강화하고 노조의 불법 파업에 따른 손해배상 청구는 제한하는 법안입니다. 야권 단독으로 열린 국회 농해수위에선 양곡관리법이 다시 상정됐고, 민주당 의원총회에선 간호법을 포함한 4개 법안 추진이 당론으로 채택됐습니다. 모두 윤석열 대통령의 거부권 행사로 지난 21대 국회에서 폐기된 법안들입니다. 박찬대 / 더불어민주당 원내대표 ""지난 총선 결과는 무능 무책임 무도한 윤석열 정권을 야당이 중심이 돼 확실하게 견제하라는 것이었습니다"" 내일은 법사위에서 야당 단독으로 `해병대원 특검법` 입법청문회를 연 뒤 법안을 처리할 계획입니다. 다만 해당 법안들이 본회의를 통과하더라도 여당이 윤 대통령에게 다시 거부권 행사를 요청할 가능성이 높습니다. 이런 가운데 민형배 의원은 이처럼 폐기된 법안을 즉시 상정할 수 있도록 하는 이른바 `폐기법안 부활법`도 발의했습니다. 폐기된 법안을 다시 상정할 경우 상임위 의결로 15일 또는 20일간의 숙려기간을 생략할 수 있도록 하는 게 핵심입니다. TV조선 최원국입니다."
"이재명, 연임 도전 공식화… 21일 대표 사퇴",세계일보,45,"심야 비공개 최고위 열고 사의 野, 李 수사 검사 4명 탄핵 추진 일극 체제 가속… ‘방탄’ 노골화 권익위 ‘김 여사 조사’ 청문회도 노란봉투법·양곡법 상임위 상정 與 불참 속 법안 심사 파행 잇달아 더불어민주당 이재명 대표의 일극체제가 완성 단계로 접어들 전망이다. 이 대표는 21일 당대표직 연임을 위한 전당대회 출마를 공식화할 것으로 20일 전해졌다. 이와 더불어 이 대표의 사법 리스크에 대한 방탄복도 더 두터워지고 있다. 민주당에 따르면 이 대표는 이날 심야 비공개 최고위원회의를 열어 지도부 구성원들에게 당대표 사퇴 의사를 밝혔다. 당 관계자는 “이 대표가 사퇴하면 당무 처리에 필요한 각종 의사결정을 당분간 어떻게 할지를 비롯해 각종 제반 사항이 비공개 최고위에서 논의된 것으로 안다”며 “21일 당대표 사퇴 선언으로 연임 도전을 밝히는 형식이 될 것”이라고 말했다. 다른 관계자는 “지금 시점에 비공개 회의가 열리는 이유는 다 짐작할 수 있는 상황 아니겠나”라며 이 대표의 연임 도전이 기정사실화했음을 시사했다. 당내에선 “이 대표의 리더십을 대체할 대안이 없다”는 평가 속에서 그의 연임 필요성이 꾸준히 제기돼 왔다. 이날 심야 최고위에선 이 대표가 전대 출마를 공식화하기에 앞서 왜 연임해야 하는지, ‘이재명 2기’의 비전은 무엇인지 등을 당원과 국민 앞에 설득력 있게 제시하기 위한 ‘메시지 마련’이 주요하게 논의된 것으로 알려졌다. 사법 리스크를 안고 있는 이 대표가 재차 당대표를 맡는 것에 거부감을 느낄 국민에게 납득할 만한 설명을 내놓는 것이 이 대표 주변의 가장 큰 고민거리다. 이 대표의 연임을 두고 당내에서조차 “이 대표가 자신을 방어하려면 당대표직이 필요하다”는 말이 나온다. 실제로 이 대표 방어막은 점점 더 견고해지고 있다. 당 정치검찰사건조작특별대책단 단장인 민형배 의원은 이날 국회에서 기자들과 만나 “검사 탄핵소추안 작성에 들어갔다”며 “일부 탄핵소추안은 21대 국회 때 이미 마련해 놓은 게 있어서 그리 오래 걸리지 않을 것”이라고 말했다. 민주당이 탄핵소추 대상으로 삼은 검사는 4명으로, 이 대표가 연루된 대장동·백현동 개발 의혹, 대북송금 의혹 등의 수사를 지휘한 간부급인 것으로 전해졌다. 반면 대북송금 사건에 연루된 이화영 전 경기도 평화부지사에 대한 ‘검찰청 술자리 회유’ 당사자로 지목된 수원지검 박상용 부부장 검사는 검찰 내부망에 글을 올려 “회유하거나 진실을 조작한 사실이 없고, 검찰 시스템상 가능하지도 않다”고 반박했다. 민주당은 국회 상임위 단독 운영도 이어갔다. 민주당과 조국혁신당, 사회민주당 소속 정무위원들은 이날 간담회에서 윤석열 대통령 부인 김건희 여사 청문회를 추진하겠다고 밝혔다. 환경노동위원회는 파업 노동자에 대한 기업의 손해배상 청구를 제한하는 내용의 노동조합법 2·3조 개정안을 야당 단독으로 전체회의에 상정했다. 법사위 법안심사1소위도 이날 야당 위원만 참석한 채 채상병 특검법 심사를 마쳤다. 농림수산해양식품위원회도 여당 위원 참석 없이 양곡법 개정안을 상정했다."
"경총 ""파업 공화국 될 것""…`노란봉투법` 입법 중단 촉구",디지털타임스,41,"더불어민주당이 지난해 21대 국회에서 폐기된 노동조합법 개정안을 재추진하는 가운데 재계에서는 ""노조 공화국과 파업공화국이 될 것""이라며 반대 목소리가 커지고 있다. 개정안 대로라면 근로자가 아니어도 노조에 가입할 수 있는 데다 불법쟁위행위를 해도 손해배상책임에서 면제된다. 재계가 가장 우려하는 것은 이 같은 악법이 방송3법처럼 여당의 전원 불참에도 일사천리로 국회를 통과하는 것이다. 국회를 막는 유일한 방법은 `대통령 거부권` 밖에 없다는 자조섞인 체념이 벌써부터 나온다. 이동근 한국경영자총협회 상근부회장은 25일 서울 대흥동 경총회관에서 `노조법 개정 반대 긴급 기자회견`을 열고 ""참담함을 금할 수 없다""며 ""국회가 노동조합법 개정안의 입법 추진을 중단할 것을 다시 한번 강력하게 요청한다""고 밝혔다. 노조법 개정안은 지난해 21대 국회에서 대통령의 거부권으로 폐기됐지만 지난 20일 야당 주도로 환경노동위원회에 상정됐다. 박해철 더불어민주당 의원안과 김태선 민주당 의원안, 이용우 민주당·신장식 조국혁신당·윤종오 진보당 의원의 공동발의안 총 3건이다. ◇노조·근로자·사용자 범위 모두 확대=이번 노조법 개정안의 특징은 노조와 근로자, 사용자의 범위를 모두 확대했다는 점이다. 모든 사람이 노동관계자 당사자로 포섭될 수 있다는 것이다. 이 부회장은 ""근로자가 아닌 자도 노동조합에 가입할 수 있게 된다""며 ""이는 누구나 노동조합에 가입하면 근로자로 추정되는 항당한 결과가 발생한다""고 지적했다. 또 근로자의 범위를 모든 노무제공자로 확대한다. 자영업자, 특수형태근로 종사자 등 모든 사람들이 노조를 조직해 단체교섭을 통해 파업이 가능하게 되는 것이다. 사용자 범위 확대도 문제다. 사용자 범위가 해석에 따라 광범위하게 확장될 수 있어 사내하청의 경우 원청사업주를 무조건 사용자로 규정하게 된다. 이동근 상근부회장은 ""4000개 협력업체를 둔 현대차는 이들과 일일이 단체교섭에 응해야 한다""며 ""만약에 응하지 않으면 소송으로 이어져 현대차 최고경영자가 형사처벌을 받는 말도 안 되는 법안""이라고 말했다. ◇손해배상 책임 제한·""국회 통과시 대통령 거부권 요청"" =노조의 불법쟁의행위에 대한 손해배상 청구를 사실상 원천 봉쇄한 점도 문제로 지적된다. 정당한 쟁의행위는 민·형사상 면책대상이이지만 불법쟁의행위는 헌법이 보장하는 기본권의 범위를 벗어나기 때문이다. 해외에서도 불법쟁의행위를 노조활동이라는 이유로 면책하지 않는다. 이 부회장은 ""강성노조의 폭력과 파괴, 사업장 점거 등 불법행위가 빈번하게 발생하고 있는 상황에서 손해배상마저 원천적으로 봉쇄된다면 산업현장은 노조의 불법행위 해방구로 전락해 무법천지가 될 것""이라며 ""전 세계에서 유례를 찾아볼 수 없는 법안""이라고 강조했다. 재계에서는 이번 개정안의 환노위 상정에 불안감을 느끼고 있다. 이날 야당 주도로 방송3법이 국회 법사위까지 일사천리로 통과되는 것을 보고 있어서다. 불법 파업을 조장할 수 있다는 재계의 우려에도 거대 야당이 힘으로 밀어불인다면 방법이 없다는 것이다. 이 부회장은 향후 대응 방법에 대해 ""국회 법안 처리 절차에 따라 경제 6단체장이 국회를 방문하는 등의 방안을 생각하고 있다""며 ""만약 국회 본회의에서 개정안이 통과된다면 대통령 거부권을 건의할 것""이라고 했다."
해병대원 특검법 소위 통과…야 `거부권에 폐기 법안` 재입법 속도전,연합뉴스TV,41,"[뉴스리뷰] [앵커] 야당이 대통령 거부권으로 폐기됐던 법안들을 국회 상임위에서 여당의 불참 속에 속속 밀어붙이고 있습니다. 해병대원 특검법은 법안소위를 통과했고, 노란봉투법과 양곡관리법도 모두 공식 논의 테이블에 올랐습니다. 윤솔 기자입니다. [기자] 해병대원 특검법이 야당의 단독으로 국회 법제사법위원회 법안심사1소위 문턱을 넘었습니다. <김승원 / 더불어민주당 의원·법사위 법안심사1소위원장> ""정말로 거부권 행사를 할 수 없을 정도로 완성된 법안을 만들었다고 그렇게 국민 여러분께 보고드리고요."" 법안은 내일(21일) 관련 입법 청문회를 거친 뒤, 전체회의에 상정될 전망입니다. 이종섭 전 국방부 장관과 이시원 전 대통령비서실 공직기강비서관 등이 청문회 증인으로 채택돼 있습니다. 지난 국회에서 윤석열 대통령의 거부권 행사로 폐기됐던 이른바 `노란봉투법`과 양곡법 개정안도 각각 환경노동위와 농림축산식품해양수산위에서 상정됐습니다. 야당은 시급성 등을 이유로 들며 숙려기간을 모두 생략했습니다. 야당이 입법에 속도전을 벌이는 가운데, 원 구성 협상은 여전히 평행선을 그렸습니다. <박성준 / 더불어민주당 원내수석부대표> ""어제(19일)도 말씀드린 것처럼 서로 입장차를 좁히지 못하고 있습니다. 오늘도 그걸 다시 한번 확인하는 자리였고요."" <배준영 / 국민의힘 원내수석부대표> ""정해진 기한이 있기 때문에 그 기한까지 저희가 결과를 낼 수 있도록 끝까지 최선의 노력을 다하도록 하고…."" 민주당은 긴급의원총회를 열어 국민의힘이 앞서 제안한 법사위와 운영위를 1년씩 번갈아 맡자는 제안은 비현실적이라고 재차 강조했습니다. 국민의힘은 내일 의원총회에서 민주당의 입장을 공유하고 추가 대응책을 논의할 예정입니다. 연합뉴스TV 윤솔입니다. (solemio@yna.co.kr) [영상취재기자 신경섭 김성수 최성민 김상훈] #해병대원 #특검법 #노란봉투법 #양곡법 연합뉴스TV 기사문의 및 제보 : 카톡/라인 jebo23"
